#timestamp [ns],p_RS_R_x [m],p_RS_R_y [m],p_RS_R_z [m],q_RS_w [],q_RS_x [],q_RS_y [],q_RS_z []
8717535542340,0.0000000000,0.0000000000,0.0000000000,0.7445329403,-0.6674773137,-0.0120306471,0.0000000000
8717568837640,0.0000134608,0.0000061980,-0.0000505531,0.7445252586,-0.6674857840,-0.0120360889,-0.0000060699
8717602120040,0.0000534699,0.0000207218,-0.0001990688,0.7445164985,-0.6674953224,-0.0120489831,0.0000019532
8717635410240,0.0001333068,0.0000458176,-0.0004473096,0.7445109545,-0.6675014610,-0.0120514744,0.0000084578
8717668700740,-0.0003298788,-0.0002146531,0.0004436375,0.7429145636,-0.6692459042,-0.0136176824,-0.0015587178
8717701987840,-0.0005260602,-0.0004161645,0.0009171889,0.7412778943,-0.6710527784,-0.0138603442,-0.0017727950
8717735276540,-0.0006674164,-0.0005130988,0.0007526643,0.7424476265,-0.6697561906,-0.0139501561,-0.0018868254
8717768566540,-0.0007222372,-0.0003593581,0.0007609510,0.7410152694,-0.6713470999,-0.0136715827,-0.0015905728
8717801856240,-0.0007989666,-0.0004406238,0.0009118035,0.7417884214,-0.6705010303,-0.0132825808,-0.0013708676
8717835144440,-0.0007562256,-0.0006977490,0.0013338018,0.7426790929,-0.6695204737,-0.0129888668,-0.0011788457
8717868434840,-0.0007345956,-0.0005402283,0.0006873290,0.7435677729,-0.6685363784,-0.0128516015,-0.0009560916
8717901738440,-0.0002687144,-0.0012042887,0.0016498616,0.7441268821,-0.6679184133,-0.0126306213,-0.0008023799
8717935012740,-0.0002592148,-0.0014469398,0.0018906137,0.7442304763,-0.6677953905,-0.0129974674,-0.0011749145
8717968302840,-0.0003576501,-0.0014373471,0.0019106419,0.7441962306,-0.6678321908,-0.0130594567,-0.0012592687
8718001612240,-0.0003647059,-0.0012709771,0.0014972141,0.7447851446,-0.6671743586,-0.0131098266,-0.0012633675
8718034880440,-0.0002591069,-0.0008715378,0.0009219173,0.7447500768,-0.6672148715,-0.0130550142,-0.0010977141
8718068171240,-0.0002524589,-0.0009921516,0.0009815535,0.7447758044,-0.6671857589,-0.0130723384,-0.0011305828
8718101494140,-0.0002437146,-0.0010251803,0.0009584341,0.7447700689,-0.6671920650,-0.0130762525,-0.0011421228
8718134749640,-0.0003389588,-0.0011559147,0.0008402000,0.7446979275,-0.6672755472,-0.0129150804,-0.0012416297
8718168038640,-0.0001837453,-0.0009853878,0.0006095166,0.7447424043,-0.6672244827,-0.0129892827,-0.0012326861
8718201333440,-0.0001451677,-0.0007753500,0.0002954939,0.7448214766,-0.6671351084,-0.0130451804,-0.0012403445
8718234618140,-0.0002520802,-0.0006073706,-0.0000992413,0.7449502963,-0.6669889108,-0.0131609897,-0.0012795577
8718267906240,-0.0002984796,-0.0006057453,-0.0001733870,0.7448419896,-0.6671094866,-0.0131785971,-0.0012915067
8718301202240,-0.0000615989,-0.0005853338,-0.0001612916,0.7432504223,-0.6688946420,-0.0124883352,-0.0016760422
8718334486140,0.0001233447,-0.0001225767,-0.0006111795,0.7421006924,-0.6701844125,-0.0114946064,-0.0026999157
8718367831640,-0.0002340657,-0.0002236933,-0.0006696648,0.7430421264,-0.6691264645,-0.0122791010,-0.0027196608
8718401070340,-0.0009517088,-0.0002985141,-0.0010037613,0.7421694658,-0.6700399215,-0.0151906072,0.0004827758
8718434354140,-0.0011119347,0.0001992141,-0.0019049258,0.7351782244,-0.6775325512,-0.0197504871,0.0085169619
8718467643840,-0.0010959491,0.0020213127,-0.0030734241,0.7228253147,-0.6902554905,-0.0251476809,0.0209407834
8718500933040,-0.0010159446,0.0043398300,-0.0044863950,0.7075058677,-0.7040719846,-0.0423273734,0.0438916972
8718534222340,0.0013666722,0.0051601660,-0.0059770495,0.6864954857,-0.7209002405,-0.0649087432,0.0693804475
8718567510840,0.0056636552,-0.0002256266,-0.0071665463,0.6541173126,-0.7448591808,-0.0928055001,0.0932870907
8718600801940,0.0110546649,-0.0090651922,-0.0097025959,0.6154037959,-0.7706337131,-0.1170579128,0.1170439802
8718634090040,0.0174904056,-0.0187634919,-0.0117430734,0.5769400865,-0.7923815023,-0.1384915029,0.1417455292
8718667378940,0.0291957390,-0.0255306903,-0.0105097620,0.5495951204,-0.8045254987,-0.1569719323,0.1613807239
8718700669340,0.0493507646,-0.0348237939,-0.0004721569,0.5246802963,-0.8157915159,-0.1695906157,0.1744528942
8718733958440,0.0734544620,-0.0385579318,0.0087893102,0.5084155749,-0.8212823789,-0.1764522178,0.1894029361
8718767247040,0.1036062241,-0.0369989574,0.0206898041,0.5036447538,-0.8218796080,-0.1796166561,0.1964528668
8718800537340,0.1401282698,-0.0319174416,0.0356053859,0.5005942831,-0.8244070820,-0.1819854916,0.1914147532
8718833831940,0.1801314056,-0.0220945291,0.0513517857,0.4991566272,-0.8284361414,-0.1772785496,0.1819575142
8718867117240,0.2215435356,-0.0092665525,0.0667997822,0.5012186680,-0.8339553929,-0.1598146829,0.1666058721
8718900404940,0.2631917596,0.0061285752,0.0840520337,0.5018297751,-0.8405512700,-0.1412902992,0.1472327776
8718933699440,0.3018086553,0.0227167681,0.1000451818,0.5066406421,-0.8449568239,-0.1166439061,0.1255285813
8718966984640,0.3365178108,0.0427721515,0.1183724403,0.5015851132,-0.8535438559,-0.0957039794,0.1035181556
8719000272540,0.3606607914,0.0643297881,0.1373519152,0.4972676238,-0.8592911192,-0.0782434329,0.0906733033
8719033568540,0.3750858605,0.0884602815,0.1581638902,0.5001285909,-0.8598195293,-0.0640925048,0.0804606767
8719066852140,0.3785468936,0.1170641854,0.1796925813,0.5021849959,-0.8598976286,-0.0527384253,0.0748662589
8719100142540,0.3708649576,0.1498755515,0.2027236968,0.5101683296,-0.8556959487,-0.0451482533,0.0739888783
8719133436640,0.3552418947,0.1869923770,0.2290687263,0.5230282950,-0.8474755573,-0.0470979495,0.0775136472
8719166720640,0.3307011127,0.2278747708,0.2595324218,0.5439331963,-0.8331253276,-0.0446767756,0.0896819505
8719200011340,0.2953535616,0.2671988904,0.2938857675,0.5684841784,-0.8141803616,-0.0412626968,0.1106050072
8719233298440,0.2545001507,0.3081607819,0.3350884616,0.5945315535,-0.7909280096,-0.0476858135,0.1367156856
8719266588740,0.2098346949,0.3511520624,0.3818510473,0.6206614711,-0.7644246496,-0.0557946167,0.1652914216
8719299877140,0.1599928886,0.3893705606,0.4316351116,0.6446060874,-0.7366023958,-0.0595289258,0.1958474140
8719333199440,0.1099355370,0.4254983366,0.4848979712,0.6635451993,-0.7103597011,-0.0731692323,0.2230316725
8719366455740,0.0611716323,0.4585689604,0.5398418903,0.6812921275,-0.6832647432,-0.0927846074,0.2457261572
8719399748940,0.0136078913,0.4866608083,0.5944802761,0.6944872370,-0.6583876858,-0.1108077706,0.2682065822
8719433035640,-0.0294773020,0.5139294863,0.6488339901,0.7060586881,-0.6362111691,-0.1246519071,0.2849181977
8719466324540,-0.0685622469,0.5388798714,0.6991215944,0.7213537883,-0.6117789401,-0.1321493909,0.2964992058
8719499613140,-0.1058360040,0.5637895465,0.7428575158,0.7331061869,-0.5903172420,-0.1370956434,0.3086837492
8719532903740,-0.1384923607,0.5886353254,0.7761953473,0.7369343338,-0.5787690642,-0.1392422113,0.3202589024
8719566199840,-0.1668321192,0.6132035255,0.8003224730,0.7368103656,-0.5717001994,-0.1402410379,0.3325685170
8719599481140,-0.1921647787,0.6399052739,0.8144154549,0.7317549181,-0.5689380450,-0.1439879457,0.3465713667
8719632771240,-0.2143849432,0.6725805998,0.8176688552,0.7246055674,-0.5731846746,-0.1384724839,0.3566952085
8719666066740,-0.2271833718,0.7078117728,0.8150041699,0.7216993754,-0.5760057715,-0.1330892626,0.3600758406
8719699351040,-0.2341717780,0.7451291084,0.8027465343,0.7207357232,-0.5809414938,-0.1350885321,0.3532677266
8719732639440,-0.2383719087,0.7878636718,0.7874150276,0.7200641603,-0.5881301737,-0.1367890829,0.3419053242
8719765934240,-0.2356433421,0.8310782313,0.7636159062,0.7207264100,-0.5968898962,-0.1370270661,0.3248068300
8719799218940,-0.2287813872,0.8733413815,0.7326493263,0.7170244505,-0.6128599177,-0.1419276189,0.3002252648
8719832508740,-0.2208158374,0.9159698486,0.6983243227,0.7042169001,-0.6370553398,-0.1476335829,0.2764839540
8719865802740,-0.2123877853,0.9564694166,0.6600047350,0.6858375525,-0.6654467443,-0.1469622373,0.2553616709
8719899087040,-0.1994217336,0.9929728508,0.6132773757,0.6573493584,-0.7018555513,-0.1494356715,0.2301294989
8719932377640,-0.1855959743,1.0268793106,0.5653952360,0.6234110323,-0.7398765958,-0.1491626883,0.2041857005
8719965664840,-0.1717948169,1.0573422909,0.5159413815,0.5868825062,-0.7750770113,-0.1510354662,0.1789213192
8719998954940,-0.1588285863,1.0850194693,0.4693607986,0.5464343627,-0.8084305533,-0.1559491193,0.1533929594
8720032243340,-0.1494174749,1.1117715836,0.4275461435,0.5103467046,-0.8349406621,-0.1576552521,0.1325335934
8720065533640,-0.1430935562,1.1383018494,0.3928093910,0.4789116790,-0.8548665306,-0.1646930510,0.1127963543
8720098823040,-0.1418056637,1.1667679548,0.3670971394,0.4513902610,-0.8705451980,-0.1700189838,0.0974239993
8720132111940,-0.1472063214,1.1984063387,0.3533215225,0.4323904988,-0.8808851588,-0.1721539449,0.0862717380
8720165402140,-0.1598917544,1.2355548143,0.3554462194,0.4328616839,-0.8799284668,-0.1757304335,0.0864608046
8720198711140,-0.1804289818,1.2812305689,0.3723996878,0.4483638664,-0.8708590192,-0.1790358259,0.0923070154
8720231979740,-0.2068377137,1.3310328722,0.4100591540,0.4844403350,-0.8497889262,-0.1805203328,0.1029016628
8720265270240,-0.2389826328,1.3812735081,0.4646648467,0.5323860398,-0.8184360206,-0.1802373498,0.1193401966
8720298567240,-0.2747391760,1.4296065569,0.5331095457,0.5873793783,-0.7765133743,-0.1789541787,0.1413783836
8720331847840,-0.3109913468,1.4715797901,0.6133681536,0.6458533093,-0.7249292380,-0.1751585816,0.1633112798
8720365137640,-0.3439438939,1.5054197311,0.6996030807,0.7064169037,-0.6616753329,-0.1685280648,0.1864382025
8720398461840,-0.3724464178,1.5301882029,0.7867681980,0.7637334835,-0.5891715113,-0.1593453539,0.2102311936
8720431716940,-0.3959750533,1.5456428528,0.8687555790,0.8118108044,-0.5152290167,-0.1458099102,0.2328985795
8720465005940,-0.4148321152,1.5526800156,0.9395651221,0.8470131518,-0.4483670467,-0.1263723338,0.2560580897
8720498300840,-0.4320359528,1.5559012890,0.9961432219,0.8702110186,-0.3905116708,-0.1110049949,0.2791259737
8720531586540,-0.4491319656,1.5577070713,1.0360572338,0.8825208800,-0.3470070526,-0.1013557350,0.3007823411
8720564873440,-0.4703469872,1.5611418486,1.0554820299,0.8849640017,-0.3236251817,-0.0971861644,0.3204064712
8720598169140,-0.4936504364,1.5702228546,1.0519106388,0.8801733610,-0.3217001469,-0.1028328286,0.3335105387
8720631453340,-0.5123673677,1.5778393745,1.0311239958,0.8711880580,-0.3360892952,-0.1195523079,0.3373167634
8720664799040,-0.5420069098,1.5914828777,0.9953003526,0.8530971950,-0.3718025363,-0.1456706962,0.3358096161
8720698030740,-0.5739826560,1.6071534157,0.9438198209,0.8266405173,-0.4187984617,-0.1745003550,0.3329007807
8720731321540,-0.6043331623,1.6208732128,0.8805667758,0.7922430387,-0.4722923191,-0.2014480766,0.3297113971
8720764610740,-0.6315447688,1.6302073002,0.8055883050,0.7453431739,-0.5355177274,-0.2319270116,0.3223261982
8720797900340,-0.6519802213,1.6335359812,0.7224689722,0.6899223820,-0.5979003817,-0.2628507873,0.3121405197
8720831189840,-0.6660180688,1.6280137300,0.6402474046,0.6313581384,-0.6533506427,-0.2913085780,0.2994313797
8720864477640,-0.6727795601,1.6160466671,0.5627059937,0.5768766116,-0.6955661427,-0.3204348524,0.2841172673
8720897769540,-0.6704838276,1.6013287306,0.4875242710,0.5238685356,-0.7282565482,-0.3560982771,0.2615304464
8720931067240,-0.6608204842,1.5854146481,0.4200828373,0.4748076075,-0.7512687842,-0.3937663928,0.2347359744
8720964346040,-0.6453388929,1.5670301914,0.3620921671,0.4193229715,-0.7709428789,-0.4321368368,0.2075405440
8720997636540,-0.6271970868,1.5480313301,0.3167804778,0.3645681486,-0.7864086726,-0.4647509514,0.1807152949
8721030931240,-0.6126267910,1.5325485468,0.2873426080,0.3198745075,-0.7943235794,-0.4909629849,0.1602675827
8721064213840,-0.6087408662,1.5234258175,0.2712225318,0.2875838242,-0.7943512096,-0.5135267309,0.1503063420
8721097504140,-0.6243561506,1.5195001364,0.2770705819,0.2776999997,-0.7864092980,-0.5303839903,0.1521050592
8721130801740,-0.6509807706,1.5213298798,0.2991783023,0.2943254578,-0.7700986520,-0.5378506541,0.1761739623
8721164083340,-0.6906192303,1.5261830091,0.3265423179,0.3256046793,-0.7488222169,-0.5346915160,0.2176048322
8721197372340,-0.7389294505,1.5314664841,0.3706163764,0.3672138232,-0.7199087306,-0.5238179846,0.2692585128
8721230667640,-0.7895993590,1.5392115116,0.4297286570,0.4175436491,-0.6798181039,-0.5056291451,0.3283958196
8721263951840,-0.8385202289,1.5453137159,0.5025921464,0.4750771273,-0.6249512702,-0.4753513981,0.3972136468
8721297243140,-0.8804015517,1.5506039858,0.5861642957,0.5309406028,-0.5564689717,-0.4356123402,0.4676390156
8721330535640,-0.9090853333,1.5546104908,0.6742398739,0.5769703248,-0.4822616460,-0.3911191428,0.5306173434
8721363819640,-0.9218439460,1.5571171045,0.7613270879,0.6119974937,-0.4080661890,-0.3473039020,0.5816537223
8721397108640,-0.9255356193,1.5588366985,0.8400705457,0.6347206784,-0.3386735593,-0.3048156775,0.6241131975
8721430397340,-0.9223377705,1.5608999729,0.9060350657,0.6436004598,-0.2804854792,-0.2637938840,0.6614522892
8721463687840,-0.9159805775,1.5636034012,0.9577906132,0.6424995391,-0.2358650466,-0.2308772705,0.6915617890
8721496977640,-0.9088034630,1.5683028698,0.9933112264,0.6399868089,-0.2020492540,-0.2062503831,0.7120770765
8721530265040,-0.9092850685,1.5734777451,1.0098450184,0.6348376499,-0.1859037469,-0.2036730081,0.7217605288
8721563555740,-0.9186983109,1.5755555630,1.0049340725,0.6242655720,-0.1959062841,-0.2295134072,0.7205808902
8721596844240,-0.9254330397,1.5750172138,0.9637846351,0.6090187696,-0.2145499918,-0.2664634739,0.7155848353
8721630172940,-0.9393389225,1.5742510557,0.9193460941,0.5859202883,-0.2463419693,-0.3198809375,0.7026302269
8721663423140,-0.9517172575,1.5730996132,0.8571103215,0.5477068688,-0.2928466321,-0.3930057645,0.6780888622
8721696712240,-0.9589851499,1.5711225271,0.7806326151,0.4985664555,-0.3441664120,-0.4679318451,0.6434444488
8721730002740,-0.9494906068,1.5632168055,0.7047224045,0.4455066023,-0.3805772406,-0.5347718832,0.6088545509
8721763297240,-0.9372081161,1.5618999004,0.6239023805,0.3904982231,-0.4091987022,-0.5937972840,0.5722519946
8721796580240,-0.9175449014,1.5628480911,0.5500945449,0.3421899699,-0.4240507512,-0.6474373384,0.5328338182
8721829870340,-0.8925991058,1.5672830343,0.4824930131,0.3008415587,-0.4273573002,-0.6973966101,0.4904060182
8721863167740,-0.8646237254,1.5723427534,0.4203037620,0.2634152597,-0.4277831332,-0.7376719227,0.4510588945
8721896448640,-0.8358008265,1.5782462358,0.3685460389,0.2289535841,-0.4231373971,-0.7747052372,0.4103252306
8721929738340,-0.8087486625,1.5834388733,0.3294328451,0.1964647576,-0.4146052207,-0.8054571565,0.3751571391
8721963033740,-0.7874598503,1.5815640688,0.3029656112,0.1688435908,-0.4055918660,-0.8292553843,0.3454310174
8721996316940,-0.7767474055,1.5750582218,0.2925079465,0.1465289850,-0.3931636999,-0.8486767772,0.3220237404
8722029606840,-0.7750086784,1.5617605448,0.2973873913,0.1296209023,-0.3820577940,-0.8599090086,0.3127087474
8722062902340,-0.7871205807,1.5412911177,0.3216768503,0.1248454414,-0.3699488530,-0.8607805115,0.3265093766
8722096185940,-0.8081062436,1.5117720366,0.3481302559,0.1362266276,-0.3517967461,-0.8511630764,0.3649695503
8722129475540,-0.8364938498,1.4751144648,0.3897075951,0.1554806581,-0.3275649638,-0.8303392004,0.4231592745
8722162764140,-0.8687281013,1.4342679977,0.4492578804,0.1762425575,-0.2966052249,-0.7973058102,0.4952447339
8722196054240,-0.8942072392,1.3960341215,0.5221566558,0.1962290945,-0.2609694524,-0.7494473240,0.5759494734
8722229344340,-0.9154450297,1.3635884523,0.5994969606,0.2124166663,-0.2194885190,-0.6959777557,0.6498606878
8722262631740,-0.9311215281,1.3387273550,0.6834254861,0.2228886454,-0.1833166753,-0.6371436031,0.7146773239
8722295922540,-0.9353523850,1.3217327595,0.7652705312,0.2262882357,-0.1520495905,-0.5732285544,0.7727118355
8722329210440,-0.9345958233,1.3126348257,0.8422214389,0.2258163879,-0.1249896682,-0.5084549872,0.8214974545
8722362500540,-0.9311034679,1.3100284338,0.9113280177,0.2212898842,-0.1037842832,-0.4427383168,0.8626948432
8722395790840,-0.9261501431,1.3113130331,0.9679888487,0.2112731807,-0.0858899900,-0.3805937838,0.8961779536
8722429078740,-0.9195416570,1.3151661158,1.0022100210,0.1995225054,-0.0716385824,-0.3347099045,0.9181655424
8722462368940,-0.9158186913,1.3129280806,1.0229659081,0.1854130975,-0.0636746105,-0.3200237880,0.9269046889
8722495683740,-0.9149207473,1.3042477369,1.0288522243,0.1630844897,-0.0643954566,-0.3273091567,0.9285070761
8722528946740,-0.9148108959,1.2911008596,0.9926409125,0.1396209109,-0.0647952463,-0.3523192897,0.9231352531
8722562237540,-0.9201426506,1.2756408453,0.9506174922,0.1177817725,-0.0650988549,-0.3969964111,0.9079005687
8722595538440,-0.9255228043,1.2568557262,0.9038777947,0.0954624273,-0.0657725563,-0.4543782509,0.8832334351
8722628814640,-0.9303922653,1.2402305603,0.8450518847,0.0728581298,-0.0675749531,-0.5232147383,0.8463874150
8722662105040,-0.9339973927,1.2303534746,0.7707142234,0.0535553380,-0.0693262002,-0.6014945505,0.7940591977
8722695429640,-0.9394297004,1.2320306301,0.6951346397,0.0368770247,-0.0679091881,-0.6821357562,0.7271308254
8722728684040,-0.9416226745,1.2421156168,0.6162028909,0.0276491330,-0.0647907001,-0.7450192192,0.6633129379
8722761973640,-0.9464335442,1.2606451511,0.5435376167,0.0280078955,-0.0488174422,-0.7960584384,0.6025971937
8722795267940,-0.9508939981,1.2852318287,0.4808419645,0.0279346837,-0.0285726341,-0.8363689246,0.5467085879
8722828552740,-0.9534806609,1.3144749403,0.4246133566,0.0238734830,-0.0070798921,-0.8720947838,0.4887029978
8722861840440,-0.9570900202,1.3450222015,0.3780558109,0.0170799845,0.0194644702,-0.9018232704,0.4313284102
8722895130240,-0.9634006023,1.3739345074,0.3495885730,0.0091586854,0.0433872731,-0.9231500775,0.3818737978
8722928420340,-0.9652602077,1.3914664984,0.3304210007,0.0002101312,0.0643024127,-0.9350513525,0.3486317884
8722961744640,-0.9648609757,1.3961539268,0.3245902658,-0.0086202430,0.0828181232,-0.9385910660,0.3348337806
8722994997540,-0.9594964385,1.3868645430,0.3410616815,-0.0188449538,0.0973176164,-0.9359454658,0.3379056589
8723028288640,-0.9496471286,1.3643465042,0.3671586215,-0.0305926774,0.1104004507,-0.9251995470,0.3617756582
8723061578640,-0.9340982437,1.3294137716,0.3983031213,-0.0472686068,0.1213187726,-0.9047162545,0.4056302911
8723094871440,-0.9135366082,1.2853001356,0.4436273575,-0.0699759052,0.1282743962,-0.8719022283,0.4673708980
8723128156340,-0.8904776573,1.2390024662,0.5054813027,-0.0963591678,0.1318424552,-0.8229682218,0.5441100841
8723161445040,-0.8689876199,1.1946282387,0.5772636533,-0.1223752322,0.1307897389,-0.7600729293,0.6246659018
8723194739340,-0.8500759006,1.1595273018,0.6563559771,-0.1450194988,0.1264943606,-0.6890713445,0.6986767521
8723228027740,-0.8359560370,1.1363755465,0.7388493419,-0.1653284738,0.1203692413,-0.6162665523,0.7605217144
8723261313440,-0.8258302212,1.1229108572,0.8192508221,-0.1851114165,0.1094114918,-0.5414721911,0.8127550401
8723294603040,-0.8203519583,1.1176562309,0.8936079741,-0.2030144288,0.0961555668,-0.4722709846,0.8523493215
8723327898340,-0.8190000653,1.1189086437,0.9597025514,-0.2178101113,0.0826684691,-0.4088791350,0.8823505724
8723361181440,-0.8227491975,1.1251536608,1.0147794485,-0.2275457848,0.0716657346,-0.3494508295,0.9060745312
8723394471540,-0.8259380460,1.1312021017,1.0601307154,-0.2336945294,0.0634030750,-0.2942927664,0.9245316028
8723427767540,-0.8265717030,1.1348781586,1.0913951397,-0.2385139059,0.0549746240,-0.2498167647,0.9368460340
8723461049540,-0.8240576386,1.1336159706,1.1002836227,-0.2414534028,0.0549040720,-0.2374496099,0.9393101085
8723494339540,-0.8172622919,1.1251951456,1.0862073898,-0.2440707804,0.0659863196,-0.2604711919,0.9317886123
8723527634440,-0.8048032522,1.1100890636,1.0567835569,-0.2479451205,0.0821027029,-0.3006303378,0.9172806350
8723560918640,-0.7916950583,1.0922044516,1.0086474419,-0.2519928455,0.1047438880,-0.3579861436,0.8929581428
8723594207040,-0.7778518796,1.0739585161,0.9490076303,-0.2570328873,0.1293028524,-0.4307049581,0.8553993841
8723627496540,-0.7628780007,1.0586582422,0.8808578849,-0.2606858806,0.1565430103,-0.5098727741,0.8047154229
8723660786240,-0.7523314953,1.0489767790,0.8048256636,-0.2578296317,0.1867116805,-0.5923028483,0.7401621210
8723694075340,-0.7467170358,1.0444123745,0.7206324935,-0.2434982410,0.2188647599,-0.6694118110,0.6668542950
8723727364140,-0.7480614185,1.0440057516,0.6400860548,-0.2197659684,0.2480383578,-0.7235880839,0.6054751663
8723760655240,-0.7548213601,1.0486779213,0.5632172823,-0.1946750747,0.2766487410,-0.7640855984,0.5493089183
8723793945240,-0.7660467029,1.0592086315,0.4911995232,-0.1692051393,0.3075447294,-0.7983581200,0.4892955881
8723827232240,-0.7866217494,1.0761049986,0.4327347577,-0.1454858208,0.3417493461,-0.8249194165,0.4260859263
8723860522840,-0.8052319288,1.0931217670,0.3832015395,-0.1313815846,0.3765617861,-0.8424783246,0.3621745065
8723893811440,-0.8219998479,1.1060132980,0.3458352685,-0.1226781498,0.4027196055,-0.8524697778,0.3099391373
8723927121440,-0.8330743909,1.1107232571,0.3230737746,-0.1203720905,0.4262215364,-0.8506033159,0.2834074112
8723960393740,-0.8340122104,1.1083018780,0.3153139055,-0.1254874105,0.4434320103,-0.8437673017,0.2750958063
8723993679440,-0.8245728612,1.0993109941,0.3239769936,-0.1376119099,0.4634218188,-0.8304125020,0.2769806070
8724026969440,-0.8028346896,1.0838012695,0.3465958834,-0.1589514253,0.4814115729,-0.8099374024,0.2949215932
8724060265540,-0.7659183145,1.0670671463,0.3819875419,-0.1920327801,0.4895634627,-0.7839089474,0.3300572520
8724093547340,-0.7220041752,1.0478882790,0.4272698760,-0.2363231209,0.4906479761,-0.7472986789,0.3807369572
8724126837840,-0.6757199764,1.0298273563,0.4867984056,-0.2882135411,0.4808091058,-0.7008028981,0.4411698726
8724160134340,-0.6320090294,1.0153976679,0.5581274033,-0.3449475793,0.4576418735,-0.6469480448,0.5030241649
8724193415440,-0.5963724852,1.0066649914,0.6381397843,-0.4038586137,0.4234363559,-0.5846238305,0.5619740648
8724226705340,-0.5712109804,1.0018647909,0.7201322317,-0.4572999531,0.3838013753,-0.5196428359,0.6111829352
8724260000640,-0.5580239892,1.0007185936,0.7995476723,-0.5016836933,0.3416802160,-0.4575589129,0.6497753020
8724293285040,-0.5594310164,1.0027222633,0.8721739054,-0.5394781571,0.2969595649,-0.3954449704,0.6814701829
8724326574440,-0.5628425479,1.0066044331,0.9360859394,-0.5708500970,0.2527810768,-0.3376964709,0.7044096730
8724359862240,-0.5699618459,1.0119560957,0.9876749516,-0.5974348883,0.2103951012,-0.2889542330,0.7178515911
8724393152940,-0.5766128898,1.0188897848,1.0252161026,-0.6215026283,0.1749558422,-0.2517586610,0.7209316978
8724426442940,-0.5794575810,1.0263272524,1.0478919744,-0.6405424852,0.1529765375,-0.2274967056,0.7173205368
8724459730440,-0.5748571157,1.0337024927,1.0543580055,-0.6550069242,0.1453314228,-0.2171143671,0.7090176714
8724493021240,-0.5588231087,1.0454672575,1.0442897081,-0.6656798104,0.1572945113,-0.2264195227,0.6934428790
8724526310940,-0.5380188823,1.0582981110,1.0116180182,-0.6695424349,0.1890674838,-0.2526592922,0.6724059016
8724559598440,-0.5087376237,1.0724424124,0.9665773511,-0.6619218999,0.2412227176,-0.2915021994,0.6470683632
8724592889040,-0.4819453657,1.0847764015,0.9011006355,-0.6388316498,0.3132311876,-0.3407106861,0.6145702358
8724626177540,-0.4635234773,1.0948557854,0.8229559064,-0.6012687280,0.3944375046,-0.3959160872,0.5710914319
8724659467340,-0.4541498125,1.1065410376,0.7403771281,-0.5523126411,0.4733510645,-0.4497702465,0.5182627148
8724692761140,-0.4561430812,1.1175794601,0.6546609998,-0.4942023945,0.5447736861,-0.4957636786,0.4617401858
8724726045940,-0.4721761048,1.1267050505,0.5705003142,-0.4276823500,0.6127887083,-0.5280470006,0.4034156313
8724759335840,-0.4993578792,1.1309455633,0.4932944775,-0.3619567339,0.6696765211,-0.5437570042,0.3533397801
8724792652540,-0.5261701941,1.1357138157,0.4268583655,-0.3040172533,0.7178619683,-0.5470264094,0.3049751000
8724825913840,-0.5556630492,1.1390392780,0.3741577268,-0.2596886617,0.7584184008,-0.5373372748,0.2619770627
8724859203740,-0.5859909654,1.1429330111,0.3364999294,-0.2267324376,0.7926214580,-0.5194198853,0.2248257298
8724892514240,-0.6087107658,1.1497727633,0.3123127222,-0.2073261053,0.8180415867,-0.5014935877,0.1905991341
8724925781840,-0.6201151013,1.1605542898,0.3034560084,-0.2029222089,0.8349665951,-0.4821598502,0.1708076139
8724959072140,-0.6170960665,1.1771013737,0.3077166975,-0.2129471389,0.8477788319,-0.4570665226,0.1643616807
8724992368440,-0.5964370966,1.2047222853,0.3313396275,-0.2394082218,0.8538101868,-0.4294737256,0.1710093191
8725025650840,-0.5706348419,1.2390810251,0.3542271256,-0.2872610598,0.8507753940,-0.3983839029,0.1869560869
8725058940540,-0.5383782983,1.2804399729,0.3866795897,-0.3537341516,0.8372814327,-0.3623340882,0.2062667229
8725092231740,-0.5066257715,1.3267139196,0.4356951118,-0.4287837967,0.8130785054,-0.3241857459,0.2234981027
8725125518840,-0.4789634943,1.3738397360,0.4964662492,-0.5092284368,0.7773046614,-0.2816083855,0.2391246113
8725158807740,-0.4576461911,1.4180858135,0.5658159852,-0.5925961621,0.7270793777,-0.2370984956,0.2529222619
8725192097040,-0.4456790090,1.4553769827,0.6390097737,-0.6702059721,0.6685571289,-0.1939917394,0.2573373767
8725225387340,-0.4497754872,1.4797421694,0.7093412280,-0.7371574146,0.6075606535,-0.1533276187,0.2529024312
8725258676640,-0.4514604509,1.4956555367,0.7802402973,-0.7961404091,0.5411951980,-0.1189706440,0.2431341041
8725291964840,-0.4544059932,1.5059760809,0.8410345912,-0.8454304623,0.4740345900,-0.0912714940,0.2284908211
8725325255240,-0.4620492160,1.5032026768,0.8932369351,-0.8848437454,0.4101387164,-0.0664494096,0.2107658783
8725358544940,-0.4690096080,1.4960004091,0.9337000251,-0.9129953304,0.3573873076,-0.0461057539,0.1912801571
8725391834940,-0.4751278162,1.4896013737,0.9626259208,-0.9338382257,0.3142200036,-0.0332903817,0.1676416059
8725425127240,-0.4801738858,1.4846664667,0.9780442715,-0.9477950819,0.2840388980,-0.0223840379,0.1431968642
8725458411640,-0.4832899570,1.4829630852,0.9794865251,-0.9532830851,0.2753009835,-0.0117048874,0.1237890291
8725491703340,-0.4841746986,1.4861842394,0.9692268968,-0.9499418567,0.2933884509,-0.0024619309,0.1073667761
8725524996540,-0.4848633111,1.4938644171,0.9436768889,-0.9369410188,0.3386713615,0.0036803670,0.0861956563
8725558279840,-0.4861394167,1.5038115978,0.9016677737,-0.9137488743,0.4013860025,0.0084583513,0.0622954896
8725591570340,-0.4849930108,1.5117307901,0.8474486470,-0.8795187618,0.4735281820,0.0123754976,0.0454384810
8725624865840,-0.4824392200,1.5149047375,0.7832025886,-0.8341375502,0.5501129570,0.0187885238,0.0351748947
8725658148140,-0.4820422232,1.5110268593,0.7146487832,-0.7772450656,0.6280368736,0.0282386121,0.0257366307
8725691438440,-0.4853907526,1.5037132502,0.6431442499,-0.7114733950,0.7017446654,0.0336079108,0.0151835771
8725724734740,-0.4854501784,1.4827111959,0.5701217651,-0.6394630058,0.7671312074,0.0500379986,0.0096422797
8725758025240,-0.4826864004,1.4514983892,0.5002752542,-0.5623765076,0.8237989669,0.0712159510,0.0040266747
8725791306840,-0.4823923707,1.4167613983,0.4370095432,-0.4878027332,0.8679555463,0.0932760069,0.0011178956
8725824595140,-0.4795631170,1.3796846867,0.3817653656,-0.4222497426,0.8989758031,0.1163923234,-0.0006980780
8725857901840,-0.4767417908,1.3429412842,0.3363736868,-0.3680933564,0.9196748955,0.1367379520,-0.0028460488
8725891173940,-0.4746917784,1.3097913265,0.3010435402,-0.3255759503,0.9325674845,0.1559027893,-0.0035366400
8725924463040,-0.4749565423,1.2775224447,0.2980280817,-0.2905696563,0.9401221652,0.1779241371,-0.0090879461
8725957753640,-0.4754219055,1.2608977556,0.2907561660,-0.2675337300,0.9429723535,0.1975572563,-0.0141412252
8725991043140,-0.4833364189,1.2664914131,0.2941041291,-0.2636534374,0.9399648071,0.2158666037,-0.0188317772
8726024331440,-0.4965592325,1.2771517038,0.3173138201,-0.2841305790,0.9302585529,0.2304523541,-0.0279383468
8726057621840,-0.5180591345,1.2966060638,0.3415908813,-0.3262202723,0.9135663463,0.2388079154,-0.0441321244
8726090912040,-0.5462686419,1.3236501217,0.3793697953,-0.3823058742,0.8893776162,0.2420845973,-0.0651515322
8726124199440,-0.5784513950,1.3546677828,0.4310869575,-0.4487457513,0.8558636789,0.2408370194,-0.0901229370
8726157492940,-0.6067885756,1.3827834129,0.5004597306,-0.5221328717,0.8128675194,0.2300492964,-0.1170511912
8726190778540,-0.6345793009,1.4087064266,0.5730420947,-0.5948166769,0.7608899375,0.2143385680,-0.1459404062
8726224126040,-0.6569087505,1.4273196459,0.6518303156,-0.6622387128,0.7018590524,0.1956857281,-0.1747594166
8726257363040,-0.6733733416,1.4379258156,0.7329291105,-0.7208560468,0.6395145444,0.1787016035,-0.1986289108
8726290646140,-0.6830545068,1.4409455061,0.8131114244,-0.7724475615,0.5736580905,0.1661557502,-0.2159477404
8726323936540,-0.6874181032,1.4362984896,0.8885691166,-0.8175074226,0.5048303233,0.1510703333,-0.2323912933
8726357232040,-0.6876753569,1.4266300201,0.9571050406,-0.8539900329,0.4361831912,0.1324803759,-0.2507871555
8726390514440,-0.6817467809,1.4084562063,1.0132617950,-0.8823469545,0.3690597574,0.1114252093,-0.2698947388
8726423804940,-0.6749790907,1.3923959732,1.0625398159,-0.9047727814,0.3024237331,0.0920720659,-0.2853924218
8726457101540,-0.6664899588,1.3770742416,1.0998857021,-0.9200107086,0.2449446371,0.0779556452,-0.2958130122
8726490382640,-0.6582663059,1.3650203943,1.1237292290,-0.9276599780,0.2060123659,0.0697813473,-0.3035398390
8726523672840,-0.6521907449,1.3595879078,1.1330405474,-0.9300003741,0.1833827067,0.0674713857,-0.3113160761
8726556961840,-0.6503590941,1.3611822128,1.1273913383,-0.9290844701,0.1793452781,0.0733957506,-0.3150402871
8726590251840,-0.6523281932,1.3713104725,1.1064924002,-0.9252848616,0.1938706808,0.0870833936,-0.3141314480
8726623541440,-0.6593807936,1.3896024227,1.0712629557,-0.9177556855,0.2222945599,0.1062128426,-0.3114939205
8726656829240,-0.6696101427,1.4146444798,1.0231988430,-0.9030475495,0.2716187680,0.1302633205,-0.3062022787
8726690120140,-0.6793197989,1.4408760071,0.9605919123,-0.8733622838,0.3522013349,0.1584984328,-0.2967672283
8726723409740,-0.6853365302,1.4643076658,0.8846027255,-0.8245477486,0.4484047190,0.1946809545,-0.2848746115
8726756697740,-0.6845208406,1.4803737402,0.7988044620,-0.7651393117,0.5419180779,0.2261534991,-0.2640856402
8726789988340,-0.6746191978,1.4891216755,0.7086027265,-0.6986326562,0.6241877068,0.2570529575,-0.2371200021
8726823277340,-0.6546387076,1.4859467745,0.6182794571,-0.6186678673,0.7013612012,0.2881038928,-0.2057636567
8726856565540,-0.6223579049,1.4733952284,0.5347262621,-0.5391090309,0.7643000792,0.3083958510,-0.1734901750
8726889859840,-0.5922870040,1.4530708790,0.4631711245,-0.4626965776,0.8100608510,0.3298876552,-0.1445248411
8726923145640,-0.5662400723,1.4315383434,0.4054698944,-0.3906065039,0.8417157724,0.3509083818,-0.1257156521
8726956434640,-0.5438063145,1.4139009714,0.3654688299,-0.3453444276,0.8550117695,0.3689325786,-0.1165369164
8726989733940,-0.5311471224,1.4058856964,0.3420236409,-0.3231097891,0.8556983036,0.3867684406,-0.1174336016
8727023012740,-0.5300415158,1.4068692923,0.3342742026,-0.3184052136,0.8538239074,0.3920357260,-0.1261381965
8727056303540,-0.5405225158,1.4188954830,0.3416879475,-0.3290679886,0.8506531290,0.3857449100,-0.1389401933
8727089619640,-0.5543476939,1.4514174461,0.3742231429,-0.3580991377,0.8423945915,0.3714338283,-0.1554775577
8727122880840,-0.5862410665,1.4852101803,0.4045446813,-0.4096193169,0.8243351884,0.3510028894,-0.1716988175
8727156170940,-0.6151602268,1.5291522741,0.4444138110,-0.4802071159,0.7930532598,0.3246236946,-0.1873155354
8727189491440,-0.6340870857,1.5767220259,0.4904578924,-0.5500154798,0.7558821633,0.2951139054,-0.1975674822
8727222749040,-0.6478675604,1.6207956076,0.5400379896,-0.6109548224,0.7184559718,0.2659859663,-0.1995161329
8727256038940,-0.6554034352,1.6613614559,0.5896573067,-0.6646422841,0.6810361828,0.2374628753,-0.1950685385
8727289329040,-0.6568329334,1.6981084347,0.6374565363,-0.7068219632,0.6491683585,0.2114004150,-0.1851837447
8727322617640,-0.6397767663,1.7339500189,0.6804232597,-0.7450309152,0.6187214053,0.1815971673,-0.1706904415
8727355907440,-0.6291689277,1.7649055719,0.7185970545,-0.7767992069,0.5913800635,0.1546901325,-0.1514053354
8727389195940,-0.6115977764,1.7932118177,0.7484548688,-0.8016946185,0.5703977254,0.1273753026,-0.1253303865
8727422486840,-0.5845111609,1.8177943230,0.7711181641,-0.8205624585,0.5558194956,0.0956677991,-0.0926801610
8727455774340,-0.5546661019,1.8379744291,0.7878599763,-0.8357136917,0.5433669732,0.0616229219,-0.0503743332
8727489063540,-0.5194538832,1.8519796133,0.7961726785,-0.8446305591,0.5347397075,0.0255201838,-0.0011764818
8727522354040,-0.4795759618,1.8584269285,0.7969558239,-0.8425761110,0.5355875648,-0.0159731195,0.0543720254
8727555643840,-0.4359617829,1.8560336828,0.7895689607,-0.8280903708,0.5455594273,-0.0599656584,0.1141725400
8727588932040,-0.3915333748,1.8424561024,0.7763733268,-0.8044330258,0.5572952476,-0.1113969504,0.1729168398
8727622225740,-0.3514344990,1.8148800135,0.7570482492,-0.7692417260,0.5706556259,-0.1693536139,0.2322470174
8727655511940,-0.3183122277,1.7762429714,0.7344373465,-0.7245546711,0.5835613714,-0.2302781981,0.2853920214
8727688801840,-0.2925055623,1.7297613621,0.7127789855,-0.6830322980,0.5810779625,-0.2883395700,0.3356718245
8727722096640,-0.2761560380,1.6752166748,0.6942292452,-0.6386548548,0.5761018099,-0.3358279294,0.3839873474
8727755378640,-0.2699758410,1.6155569553,0.6809017658,-0.5975983623,0.5646723996,-0.3741763758,0.4289677358
8727788670040,-0.2679846883,1.5545189381,0.6767865419,-0.5644258712,0.5415927629,-0.4063238696,0.4722304819
8727821962640,-0.2782542109,1.4936466217,0.6744248867,-0.5311584171,0.5118549176,-0.4353638044,0.5160752242
8727855246740,-0.3034215569,1.4287306070,0.6709372997,-0.4938108898,0.4772460449,-0.4650756415,0.5586516494
8727888537340,-0.3375956118,1.3668311834,0.6718661189,-0.4553800301,0.4366865541,-0.4964817520,0.5961876816
8727921832940,-0.3825740218,1.3106379509,0.6751258969,-0.4195538194,0.3910590737,-0.5238178411,0.6298112915
8727955114840,-0.4357167482,1.2616024017,0.6800026298,-0.3854518145,0.3403528552,-0.5470096938,0.6605809773
8727988405240,-0.4954101741,1.2205890417,0.6861808896,-0.3519662941,0.2861379461,-0.5641411701,0.6899199546
8728021695140,-0.5594378710,1.1788971424,0.6873927712,-0.3191505456,0.2320882522,-0.5750832170,0.7166290993
8728055001840,-0.6252305508,1.1494971514,0.6907706857,-0.2870301344,0.1800175631,-0.5803008155,0.7405797340
8728088273440,-0.6962448359,1.1332048178,0.6948161721,-0.2522082592,0.1344448011,-0.5812039294,0.7619170440
8728121561740,-0.7662332058,1.1162621975,0.6927394271,-0.2130234185,0.0941248437,-0.5815318670,0.7794756088
8728154859540,-0.8388189077,1.1106768847,0.6910451651,-0.1703639860,0.0597536951,-0.5831076877,0.7920801934
8728188140740,-0.9105839729,1.1154031754,0.6916812658,-0.1245522079,0.0307990804,-0.5848933235,0.8008982234
8728221430440,-0.9810776711,1.1235916615,0.6904000044,-0.0803836923,0.0021758146,-0.5857958546,0.8064595120
8728254720840,-1.0436741114,1.1350111961,0.6863589287,-0.0362709140,-0.0250346744,-0.5887811990,0.8070900728
8728288010040,-1.1139053106,1.1509979963,0.6829103231,0.0131603078,-0.0543040257,-0.5900511111,0.8054300500
8728321297940,-1.1677516699,1.1770011187,0.6816576123,0.0613565289,-0.0867471536,-0.5856490069,0.8035704999
8728354591340,-1.2162296772,1.2055845261,0.6769898534,0.1055009021,-0.1229679457,-0.5809063063,0.7976818334
8728387879140,-1.2608948946,1.2398097515,0.6703010798,0.1453405981,-0.1628414446,-0.5785639544,0.7858896393
8728421166140,-1.3063200712,1.2798529863,0.6633295417,0.1853111418,-0.2041225305,-0.5725742813,0.7721091022
8728454462840,-1.3421503305,1.3250628710,0.6576424837,0.2291664431,-0.2439072088,-0.5609409455,0.7571903793
8728487745340,-1.3726810217,1.3755581379,0.6529332399,0.2730730951,-0.2820088144,-0.5460856319,0.7400625622
8728521073940,-1.3921622038,1.4278638363,0.6493000984,0.3165409338,-0.3174652528,-0.5280120590,0.7212634165
8728554330140,-1.4019815922,1.4813623428,0.6465386748,0.3590251594,-0.3483118808,-0.5089204015,0.7005567739
8728587613340,-1.4061814547,1.5367451906,0.6450776458,0.3993168265,-0.3762199682,-0.4882020398,0.6787218694
8728620903740,-1.3997697830,1.5912427902,0.6438905597,0.4351653397,-0.4016601090,-0.4667191739,0.6568664222
8728654200940,-1.3899244070,1.6465206146,0.6427887082,0.4671318258,-0.4247420182,-0.4472406245,0.6335281360
8728687481340,-1.3763880730,1.7043850422,0.6415339708,0.4985514534,-0.4445649674,-0.4265592995,0.6097996409
8728720771440,-1.3598275185,1.7622267008,0.6407008767,0.5306863517,-0.4633313482,-0.4021368420,0.5847922864
8728754060940,-1.3352087736,1.8153582811,0.6389665604,0.5613287303,-0.4831127111,-0.3789065325,0.5549252243
8728787349640,-1.3059806824,1.8648275137,0.6362258196,0.5881126584,-0.5043671183,-0.3549932874,0.5231797749
8728820639640,-1.2732568979,1.9117528200,0.6319323778,0.6084109316,-0.5270060103,-0.3306445057,0.4927220457
8728853929340,-1.2373057604,1.9544699192,0.6272833943,0.6256089546,-0.5471992861,-0.3094037046,0.4620126890
8728887218640,-1.1994966269,1.9931943417,0.6230285764,0.6418000552,-0.5630530200,-0.2884225589,0.4334471288
8728920508940,-1.1604280472,2.0279672146,0.6187515259,0.6564053472,-0.5750326668,-0.2674565685,0.4085785558
8728953796440,-1.1209145784,2.0595636368,0.6150020957,0.6715783079,-0.5836196792,-0.2469048205,0.3839383494
8728987087140,-1.0798717737,2.0880126953,0.6103109121,0.6859464311,-0.5916703651,-0.2250456551,0.3588288252
8729020376440,-1.0389653444,2.1099917889,0.6041816473,0.6962202648,-0.6014237284,-0.2024627287,0.3355230026
8729053664640,-0.9984084964,2.1271855831,0.5967362523,0.7020658508,-0.6142639218,-0.1791039767,0.3125782158
8729086957740,-0.9588123560,2.1403439045,0.5886108875,0.7059281844,-0.6268114848,-0.1538544696,0.2917217223
8729120244940,-0.9203566909,2.1501054764,0.5800075531,0.7083033551,-0.6377462413,-0.1289831482,0.2737689472
8729153532540,-0.8828646541,2.1573009491,0.5711370707,0.7102827482,-0.6465665799,-0.1074385486,0.2567236525
8729186828840,-0.8479943275,2.1605358124,0.5625064969,0.7105298609,-0.6549459073,-0.0926744711,0.2400096198
8729220111540,-0.8138641119,2.1603415012,0.5533382893,0.7077535355,-0.6642143096,-0.0814691480,0.2264223087
8729253401840,-0.7803665996,2.1583330631,0.5448482633,0.7053514131,-0.6718636162,-0.0690236763,0.2152078005
8729286704340,-0.7482810020,2.1535520554,0.5373950005,0.7033032216,-0.6776521264,-0.0565959021,0.2072415932
8729319980240,-0.7177907825,2.1467466354,0.5310176015,0.7030337072,-0.6806608647,-0.0443829163,0.2011828782
8729353270140,-0.6890162230,2.1368930340,0.5265032649,0.7031079949,-0.6832176870,-0.0376089243,0.1934898149
8729386564840,-0.6630591750,2.1232631207,0.5216020346,0.6984484559,-0.6901336082,-0.0391568789,0.1853431848
8729419847440,-0.6442332864,2.1058108807,0.5201275945,0.6891116225,-0.6999135334,-0.0429491793,0.1827610062
8729453137640,-0.6226723790,2.0878374577,0.5173543692,0.6824436464,-0.7062202957,-0.0460645237,0.1827611093
8729486467140,-0.6024664640,2.0693728924,0.5163793564,0.6813962003,-0.7076261166,-0.0501818139,0.1801285176
8729519715940,-0.5837212205,2.0500588417,0.5162026882,0.6835727732,-0.7067754886,-0.0529681103,0.1743302949
8729553006240,-0.5668055415,2.0300271511,0.5158026814,0.6854693866,-0.7065044022,-0.0533086507,0.1677540982
8729586295940,-0.5531466007,2.0074355602,0.5148470998,0.6861785576,-0.7068603558,-0.0494629400,0.1645017994
8729619584640,-0.5423427224,1.9831366539,0.5132082701,0.6853936249,-0.7083299689,-0.0436402369,0.1630943402
8729652874440,-0.5342955589,1.9564638138,0.5112223029,0.6826062857,-0.7114615502,-0.0374270234,0.1626970782
8729686162640,-0.5276160836,1.9274723530,0.5099077821,0.6786739630,-0.7150358947,-0.0313117346,0.1647570831
8729719454040,-0.5243641138,1.8965910673,0.5107647181,0.6772997768,-0.7157698054,-0.0263776771,0.1680559911
8729752741940,-0.5214572549,1.8649904728,0.5120100975,0.6798009937,-0.7125310936,-0.0251087080,0.1718708887
8729786030940,-0.5208541751,1.8317191601,0.5137509704,0.6840209782,-0.7072410995,-0.0246319150,0.1769706114
8729819323940,-0.5201759934,1.7965958118,0.5158364177,0.6884206267,-0.7014555660,-0.0228337916,0.1830730665
8729852610440,-0.5191890001,1.7600092888,0.5158363581,0.6925809692,-0.6957888910,-0.0195539474,0.1892803829
8729885898740,-0.5185912848,1.7221707106,0.5175025463,0.6954486496,-0.6917033321,-0.0156691617,0.1940416282
8729919195340,-0.5194686651,1.6840707064,0.5207775831,0.6974561449,-0.6882609964,-0.0141547576,0.1991265164
8729952478840,-0.5191890001,1.6462410688,0.5237414241,0.6986125581,-0.6863393659,-0.0138920012,0.2017071658
8729985768740,-0.5193415284,1.6081719398,0.5263091326,0.6951449291,-0.6899508613,-0.0138893598,0.2013663883
8730019062940,-0.5204641819,1.5693507195,0.5284011364,0.6859041083,-0.6981923204,-0.0137479819,0.2046314517
8730052345940,-0.5234510303,1.5313404799,0.5302631259,0.6782417245,-0.7029333657,-0.0068779834,0.2140690072
8730085637040,-0.5270581841,1.4952989817,0.5324276090,0.6742495279,-0.7027423361,-0.0031577363,0.2270039909
8730118931340,-0.5279300213,1.4610459805,0.5343666673,0.6716591208,-0.7015802926,-0.0112871556,0.2377639978
8730152214340,-0.5286434293,1.4275170565,0.5352080464,0.6703453014,-0.6983999558,-0.0159358642,0.2502413373
8730185503840,-0.5279368758,1.3937739134,0.5349195004,0.6686621611,-0.6945860081,-0.0182887326,0.2647767249
8730218793240,-0.5256595016,1.3599909544,0.5336977839,0.6666640993,-0.6915880191,-0.0196721565,0.2772688169
8730252082240,-0.5230434537,1.3264751434,0.5318377018,0.6622603795,-0.6906253940,-0.0173962722,0.2900777908
8730285372740,-0.5193871260,1.2921807766,0.5292347074,0.6529452920,-0.6937281616,-0.0122668317,0.3037321325
8730318662940,-0.5151678920,1.2591581345,0.5272444487,0.6425404001,-0.6978818827,-0.0109085497,0.3162020171
8730351972440,-0.5115345120,1.2277461290,0.5270476341,0.6311163573,-0.7016732327,-0.0089789103,0.3305543787
8730385240540,-0.5066374540,1.1971325874,0.5258638859,0.6215299238,-0.7032062861,-0.0079787698,0.3451634573
8730418531340,-0.5001773238,1.1687829494,0.5254366994,0.6155819074,-0.7022958740,-0.0086954699,0.3574406375
8730451833740,-0.4913159609,1.1415506601,0.5258122683,0.6124900107,-0.7017653044,-0.0164373821,0.3634711224
8730485107640,-0.4818142354,1.1132360697,0.5251704454,0.6083932830,-0.6999084025,-0.0267453051,0.3731896702
8730518397140,-0.4720342755,1.0832936764,0.5239948034,0.5985248816,-0.7017290643,-0.0309715303,0.3852078019
8730551690240,-0.4620969296,1.0536921024,0.5227044821,0.5867108413,-0.7041486750,-0.0376007985,0.3981597823
8730584977640,-0.4526533186,1.0225732327,0.5235554576,0.5723135287,-0.7090826998,-0.0477211087,0.4091230201
8730618265240,-0.4412370324,0.9922894835,0.5247073174,0.5589620084,-0.7150547010,-0.0594367754,0.4156025957
8730651561340,-0.4292206764,0.9653865099,0.5256415606,0.5524132135,-0.7164177147,-0.0726505801,0.4198895008
8730684847440,-0.4176235497,0.9427491426,0.5270916224,0.5531908119,-0.7130109469,-0.0850060707,0.4223378779
8730718133240,-0.4059144557,0.9210200906,0.5272028446,0.5563659453,-0.7075555051,-0.0973863117,0.4246622756
8730751429840,-0.3950277269,0.8981071115,0.5271995664,0.5574754505,-0.7034409082,-0.1081119185,0.4274386785
8730784716640,-0.3852433562,0.8754625320,0.5256923437,0.5561835003,-0.7005545287,-0.1198549160,0.4307180812
8730818036340,-0.3746392727,0.8534238935,0.5248085260,0.5542315664,-0.6983375923,-0.1281970102,0.4344162803
8730851297140,-0.3639653325,0.8315628171,0.5249273777,0.5538249802,-0.6957393971,-0.1329703681,0.4376567877
8730884580440,-0.3534911871,0.8117311001,0.5276641250,0.5578638161,-0.6909005452,-0.1332316362,0.4401064990
8730917870640,-0.3424068093,0.7919458151,0.5320071578,0.5660693257,-0.6848381884,-0.1292627365,0.4402877685
8730951160940,-0.3300263882,0.7709288001,0.5361453891,0.5744579010,-0.6783616041,-0.1259704437,0.4404033395
8730984447940,-0.3162637353,0.7496407628,0.5390124917,0.5808300553,-0.6728202215,-0.1268613247,0.4402903596
8731017738740,-0.3011347353,0.7293222547,0.5412916541,0.5881469600,-0.6691131313,-0.1257105417,0.4365405258
8731051029040,-0.2843666077,0.7100183368,0.5415349603,0.5952913206,-0.6688302206,-0.1198156112,0.4288806349
8731084316540,-0.2653608024,0.6921693683,0.5407623649,0.6027144275,-0.6702692004,-0.1160449923,0.4171427545
8731117607140,-0.2444128394,0.6772675514,0.5392705202,0.6104392506,-0.6738081682,-0.1138282287,0.4004867141
8731150895140,-0.2212112993,0.6663975716,0.5383509994,0.6186518904,-0.6772368751,-0.1167281053,0.3807815687
8731184187540,-0.1967955083,0.6580702662,0.5390053988,0.6307826457,-0.6800133987,-0.1217364634,0.3533769446
8731217475540,-0.1714576483,0.6511674523,0.5400299430,0.6451915548,-0.6805067707,-0.1253853896,0.3239087783
8731250763640,-0.1478668004,0.6452629566,0.5406998992,0.6600536805,-0.6759659155,-0.1311749389,0.3003204213
8731284056640,-0.1267408133,0.6404683590,0.5367535353,0.6766853593,-0.6668495801,-0.1353936128,0.2812065641
8731317342740,-0.1084778234,0.6338022947,0.5316270590,0.6926337683,-0.6546154246,-0.1412432561,0.2679318037
8731350631440,-0.0939263552,0.6239521503,0.5227427483,0.7063326325,-0.6413787140,-0.1463588817,0.2613553812
8731383927640,-0.0828023702,0.6103280783,0.5080932975,0.7145224884,-0.6318718260,-0.1469453141,0.2619211403
8731417211240,-0.0758904666,0.5920538902,0.4882992208,0.7163420459,-0.6280074911,-0.1447782871,0.2673946746
8731450499740,-0.0676025823,0.5670918226,0.4634256661,0.7118146575,-0.6323918309,-0.1451968908,0.2689206732
8731483795640,-0.0606553853,0.5401921868,0.4377919734,0.7001861973,-0.6466816108,-0.1568484465,0.2587291018
8731517083240,-0.0502586626,0.5035690069,0.4123701453,0.6847887101,-0.6652793348,-0.1691600248,0.2446481458
8731550371940,-0.0379129723,0.4627073109,0.3884735107,0.6687286723,-0.6826769332,-0.1819723297,0.2316036245
8731583664140,-0.0239604972,0.4214082658,0.3675135374,0.6569169921,-0.6946923869,-0.1965822596,0.2172969585
8731616946940,-0.0099889738,0.3794817030,0.3502435386,0.6502020108,-0.7032832828,-0.2038809280,0.2026389312
8731650236640,0.0025798792,0.3378885388,0.3373152018,0.6483912585,-0.7066131308,-0.2113031738,0.1887793103
8731683525240,0.0127839437,0.2958932221,0.3253509104,0.6490548104,-0.7095551328,-0.2087230038,0.1780282963
8731716814440,0.0203854293,0.2541219294,0.3132160008,0.6484393617,-0.7146771643,-0.1983616958,0.1715097158
8731750104940,0.0227308050,0.2101227790,0.3010055125,0.6467672725,-0.7201658575,-0.1857411134,0.1689777255
8731783421540,0.0238817949,0.1721775532,0.2877867818,0.6473168362,-0.7231046146,-0.1746846338,0.1660900617
8731816682740,0.0238408484,0.1350572407,0.2727204263,0.6438553186,-0.7305328083,-0.1615000628,0.1602806114
8731849973440,0.0207556468,0.0977557153,0.2570383251,0.6357951700,-0.7421578694,-0.1493838117,0.1505014137
8731883262940,0.0175426379,0.0662774295,0.2391243428,0.6258457641,-0.7544701981,-0.1423582823,0.1372075769
8731916552940,0.0142366150,0.0413135551,0.2202755213,0.6180727132,-0.7640634484,-0.1390859391,0.1218534757
8731949841240,0.0107334070,0.0230357815,0.2007645071,0.6146188672,-0.7686577062,-0.1391502252,0.1097551530
8731983129940,0.0071168127,0.0130129317,0.1817312688,0.6143865982,-0.7705839622,-0.1344407008,0.1032238495
8732016424640,0.0045907204,0.0048144031,0.1610213667,0.6168444585,-0.7703070431,-0.1293592567,0.0969337720
8732049708040,0.0009407492,-0.0007801133,0.1408651024,0.6213308938,-0.7678178859,-0.1269494695,0.0910354148
8732082997840,-0.0033591960,-0.0053888327,0.1204848811,0.6231677196,-0.7675161086,-0.1211804351,0.0888612307
8732116294140,-0.0086413585,-0.0074820989,0.1012890339,0.6229306426,-0.7689287621,-0.1123422378,0.0899177114
8732149577740,-0.0138456700,-0.0066612340,0.0842679068,0.6233721706,-0.7693437010,-0.1063734546,0.0905654168
8732182865740,-0.0179290399,-0.0026749037,0.0695038438,0.6259070216,-0.7676472151,-0.1029883033,0.0913868858
8732216162140,-0.0226533059,0.0005134713,0.0589708090,0.6287756086,-0.7655609993,-0.1015338843,0.0908210369
8732249445640,-0.0251615588,0.0028517961,0.0489065237,0.6294376936,-0.7648583159,-0.1057915032,0.0872244474
8732282735640,-0.0268545095,0.0046188142,0.0415430889,0.6280410713,-0.7658511189,-0.1089911729,0.0846014223
8732316048840,-0.0286317095,0.0063531091,0.0367436446,0.6269651888,-0.7670561365,-0.1050283651,0.0866520512
8732349313040,-0.0288663991,0.0094845006,0.0341187380,0.6299400928,-0.7646948103,-0.1010058150,0.0906374753
8732382603940,-0.0309538003,0.0128920591,0.0343619399,0.6373129206,-0.7582242750,-0.1001553268,0.0943244431
8732415891340,-0.0321614146,0.0183901954,0.0348258317,0.6472096058,-0.7486217769,-0.1064575475,0.0967054906
8732449180840,-0.0355342515,0.0223017838,0.0349721834,0.6566901051,-0.7390885177,-0.1154116663,0.0958457939
8732482470940,-0.0380653590,0.0227101073,0.0324670337,0.6609422180,-0.7353434731,-0.1169508553,0.0935299864
8732515762040,-0.0398501493,0.0195849519,0.0289116595,0.6593249043,-0.7384123358,-0.1092785159,0.0899783244
8732549048740,-0.0391608104,0.0176720265,0.0252383277,0.6569012106,-0.7418850325,-0.1042035771,0.0850236005
8732582339540,-0.0380035155,0.0164677035,0.0227440689,0.6559428591,-0.7429850123,-0.1056680682,0.0809104221
8732615630140,-0.0367564149,0.0157374926,0.0221191905,0.6601034331,-0.7395520726,-0.1072056282,0.0763750142
8732648939740,-0.0349139571,0.0144403307,0.0222157370,0.6671128684,-0.7343866026,-0.1024536835,0.0716936643
8732682207840,-0.0319459066,0.0131014762,0.0221133921,0.6740976839,-0.7293873669,-0.0950983716,0.0673994166
8732715495940,-0.0299383942,0.0110326288,0.0217074249,0.6812749431,-0.7241983335,-0.0863137087,0.0628583275
8732748808140,-0.0257884450,0.0112067694,0.0217850786,0.6876083479,-0.7192568640,-0.0806588589,0.0579523247
8732782075140,-0.0218806565,0.0110967793,0.0218530949,0.6919923342,-0.7160066877,-0.0748452237,0.0536584103
8732815363840,-0.0184590351,0.0102603994,0.0221430361,0.6968041849,-0.7122814240,-0.0679860075,0.0499700279
8732848660140,-0.0157551039,0.0093513001,0.0221672300,0.7012255624,-0.7087338997,-0.0617725276,0.0465094064
8732881943540,-0.0139441937,0.0092345197,0.0220253430,0.7049207123,-0.7054495843,-0.0586874264,0.0445360469
8732915232540,-0.0140971616,0.0095148431,0.0241611879,0.7083720253,-0.7022925306,-0.0548118701,0.0446086767
8732948528240,-0.0139620490,0.0100826202,0.0242072269,0.7130881081,-0.6979482896,-0.0503586242,0.0428665847
8732981813140,-0.0138652474,0.0101252785,0.0241688192,0.7151036133,-0.6963537806,-0.0454429715,0.0406592034
8733015100240,-0.0126672210,0.0095719071,0.0236390512,0.7169844064,-0.6949479745,-0.0385992689,0.0386104932
8733048396740,-0.0122159459,0.0100026708,0.0237088818,0.7184060917,-0.6937869293,-0.0333536309,0.0379462695
8733081679240,-0.0113096712,0.0114174923,0.0236354489,0.7179077514,-0.6940372844,-0.0328573643,0.0429080629
8733114969240,-0.0120906457,0.0118062710,0.0232964158,0.7145596722,-0.6970706562,-0.0312315728,0.0502151771
8733148257740,-0.0142190838,0.0113080982,0.0244997758,0.7110974583,-0.7009630001,-0.0252304554,0.0485252649
8733181547140,-0.0138389124,0.0118207019,0.0241193995,0.7066755903,-0.7055469763,-0.0208299030,0.0487769359
8733214837740,-0.0135049121,0.0126180984,0.0240738448,0.7039801084,-0.7085054124,-0.0181075321,0.0458716130
8733248127940,-0.0125508634,0.0146916481,0.0243610013,0.7050220376,-0.7078287607,-0.0209759567,0.0385017060
8733281415340,-0.0130166579,0.0165210273,0.0245929155,0.7040412148,-0.7087102252,-0.0252841571,0.0376363643
8733314705640,-0.0142431688,0.0177629478,0.0246747565,0.7032394695,-0.7092604325,-0.0276823907,0.0404669327
8733347996040,-0.0150449183,0.0183729585,0.0247960743,0.7027887423,-0.7094525413,-0.0307783789,0.0426352752
8733381283340,-0.0130894240,0.0198188014,0.0243954454,0.7047921119,-0.7072594461,-0.0343315922,0.0432839077
8733414574140,-0.0136571750,0.0194709599,0.0249396525,0.7087706331,-0.7026087646,-0.0424198620,0.0467511378
8733447865740,-0.0128360335,0.0199194215,0.0248015672,0.7154507742,-0.6946593643,-0.0535772034,0.0520388374
8733481154840,-0.0123470714,0.0200179294,0.0245537832,0.7237335198,-0.6845640308,-0.0662009023,0.0565625373
8733514442640,-0.0137910871,0.0185221639,0.0258071069,0.7333140746,-0.6728590522,-0.0774008087,0.0593319368
8733547730640,-0.0165536851,0.0154236760,0.0256812423,0.7372404546,-0.6677636154,-0.0776551996,0.0673642049
8733581026840,-0.0188262369,0.0114565985,0.0243106410,0.7366554972,-0.6681759626,-0.0782988406,0.0689119216
8733614315540,-0.0206404682,0.0090325149,0.0261722691,0.7361918039,-0.6697252344,-0.0739352176,0.0634296606
8733647598340,-0.0209186412,0.0080686016,0.0258430783,0.7347229128,-0.6716704373,-0.0721788034,0.0618973785
8733680894240,-0.0207444988,0.0078147454,0.0257848501,0.7341661256,-0.6728136359,-0.0701323133,0.0583384096
8733714178640,-0.0207015052,0.0074296105,0.0261420421,0.7346487566,-0.6730608871,-0.0660139986,0.0540592143
8733747466840,-0.0203225501,0.0073865289,0.0261767358,0.7347050542,-0.6736670399,-0.0618218712,0.0505891194
8733780763040,-0.0198922269,0.0076508545,0.0263052173,0.7358989851,-0.6730104264,-0.0570070373,0.0475378528
8733814054640,-0.0198318046,0.0078177489,0.0264880862,0.7368621222,-0.6723504059,-0.0539524741,0.0454782918
8733847342840,-0.0228019450,0.0079830503,0.0270858202,0.7364647479,-0.6730290734,-0.0517661243,0.0444050660
8733880624940,-0.0231931843,0.0086746579,0.0271364152,0.7364806105,-0.6732483115,-0.0497626559,0.0430894357
8733913913440,-0.0237470791,0.0092886202,0.0277025234,0.7394694923,-0.6702974113,-0.0465651914,0.0414479578
8733947203840,-0.0241538007,0.0097617656,0.0280314982,0.7412243963,-0.6684965385,-0.0448941432,0.0410278955
8733980492040,-0.0247265603,0.0106849335,0.0280905925,0.7416501593,-0.6678503112,-0.0458552499,0.0427586135
8734013781840,-0.0253061298,0.0113994442,0.0278952904,0.7403278647,-0.6692665545,-0.0462880488,0.0430621450
8734047072140,-0.0260240734,0.0120679419,0.0280330740,0.7412124572,-0.6683138338,-0.0456987489,0.0432705117
8734080395440,-0.0262196939,0.0128741665,0.0277970117,0.7406409885,-0.6687902127,-0.0468410806,0.0444577405
8734113649140,-0.0265451837,0.0130480882,0.0278190337,0.7405542370,-0.6688192160,-0.0472866832,0.0449916438
8734146940240,-0.0265552960,0.0130395675,0.0277447645,0.7401863106,-0.6692262680,-0.0472138137,0.0450697639
8734180229440,-0.0251413882,0.0140418503,0.0266871173,0.7397754613,-0.6696166237,-0.0477438334,0.0454573472
8734213521440,-0.0251689628,0.0140179060,0.0266170055,0.7393986683,-0.6700313182,-0.0477166294,0.0455056621
8734246808040,-0.0251829121,0.0138944238,0.0266526584,0.7396617316,-0.6697272463,-0.0477424548,0.0456792773
8734280096740,-0.0251755454,0.0137507347,0.0267012008,0.7400040043,-0.6693543860,-0.0477815009,0.0455599354
8734313393740,-0.0257840194,0.0136869075,0.0277344175,0.7396940752,-0.6697296704,-0.0477969320,0.0450588178
8734346675340,-0.0258104894,0.0137043716,0.0276712477,0.7391553894,-0.6703342593,-0.0477183819,0.0449916334
8734379965140,-0.0257646888,0.0139121627,0.0278993081,0.7398469284,-0.6694869846,-0.0481070754,0.0458193113
8734413260940,-0.0257445686,0.0137689430,0.0281428639,0.7408524039,-0.6683707132,-0.0481231838,0.0458526381
8734446545740,-0.0257244352,0.0135554140,0.0283506773,0.7419787243,-0.6671253081,-0.0477899958,0.0461249625
8734479833140,-0.0257486850,0.0134867169,0.0283722617,0.7419912311,-0.6670965099,-0.0477441405,0.0463870285
8734513129640,-0.0257771481,0.0134518463,0.0284042340,0.7420575532,-0.6669850867,-0.0478908004,0.0467755603
8734546413840,-0.0267548598,0.0136414478,0.0284460299,0.7429045027,-0.6660895575,-0.0479109000,0.0460667659
8734579702640,-0.0269029103,0.0135606192,0.0284152776,0.7425385543,-0.6665544953,-0.0478481155,0.0453007509
8734612991540,-0.0270478688,0.0135430805,0.0282634925,0.7414581894,-0.6678759562,-0.0474065065,0.0439782187
8734646280040,-0.0271660071,0.0135801164,0.0282626767,0.7414684305,-0.6678426870,-0.0473191403,0.0444028266
8734679570640,-0.0271940790,0.0134594701,0.0284349434,0.7424383730,-0.6667267653,-0.0473886652,0.0448887197
8734712858340,-0.0273959637,0.0135584408,0.0283821356,0.7419466699,-0.6672168128,-0.0480007735,0.0450864678
8734746147840,-0.0277143233,0.0138284639,0.0283320863,0.7417360851,-0.6672826149,-0.0491569321,0.0463150945
8734779437940,-0.0272764843,0.0146418447,0.0279981438,0.7427928575,-0.6661039170,-0.0488041534,0.0467172049
8734812727540,-0.0272825547,0.0146400407,0.0279031862,0.7423435151,-0.6666289300,-0.0488922763,0.0462765675
8734846015840,-0.0276968237,0.0145034734,0.0278734863,0.7422234304,-0.6669088501,-0.0481966205,0.0448781767
8734879306140,-0.0286035147,0.0148292137,0.0277030673,0.7422838631,-0.6665707668,-0.0496067616,0.0472995628
8734912596640,-0.0295255743,0.0149672106,0.0275971349,0.7425083176,-0.6661377181,-0.0507645364,0.0486302430
8734945909140,-0.0304573663,0.0150401946,0.0275277589,0.7424440171,-0.6659948039,-0.0520218857,0.0502147995
8734979177340,-0.0304992478,0.0148497047,0.0275412239,0.7430206100,-0.6653992142,-0.0516021519,0.0500147649
8735012462440,-0.0287737455,0.0155140376,0.0255304631,0.7438653743,-0.6645233727,-0.0506619587,0.0500635393
8735045779440,-0.0287612341,0.0153524652,0.0254884213,0.7438548569,-0.6645823508,-0.0503996185,0.0497003964
8735079041940,-0.0286642816,0.0153391510,0.0253878701,0.7435299680,-0.6649984651,-0.0501095797,0.0492875050
8735112331340,-0.0281970873,0.0148490248,0.0254446734,0.7443362718,-0.6643663330,-0.0484481990,0.0472616345
8735145627340,-0.0279399157,0.0144872162,0.0253772456,0.7442565495,-0.6646308244,-0.0473328005,0.0459092777
8735178910840,-0.0277837291,0.0144590465,0.0252073538,0.7435599232,-0.6654712260,-0.0469629781,0.0454000736
8735212199040,-0.0270367432,0.0142359762,0.0252833162,0.7440621685,-0.6650474518,-0.0459877503,0.0443678153
8735245496040,-0.0256917384,0.0139176417,0.0261756107,0.7442677505,-0.6652133365,-0.0434581370,0.0408426592
8735278780240,-0.0231541600,0.0133173615,0.0265570749,0.7438544604,-0.6662653065,-0.0392927153,0.0350309237
8735312067340,-0.0186845958,0.0126344077,0.0266963225,0.7447445164,-0.6658457313,-0.0342558128,0.0288375924
8735345357940,-0.0125918016,0.0114674512,0.0270129796,0.7453044555,-0.6657277258,-0.0281198021,0.0231762879
8735378646240,-0.0075726327,0.0102192694,0.0269774869,0.7447736819,-0.6667014920,-0.0247134137,0.0145096685
8735411936540,-0.0056631407,0.0098459991,0.0270737577,0.7445577497,-0.6670048401,-0.0237058609,0.0132790339
8735445224440,-0.0048494027,0.0094682341,0.0271645654,0.7443914377,-0.6672065225,-0.0242934580,0.0112548526
8735478514640,-0.0027328725,0.0085128723,0.0274050813,0.7454534036,-0.6663296696,-0.0171596461,0.0030888477
8735511804840,-0.0007725907,0.0076095727,0.0274984073,0.7458206270,-0.6660489907,-0.0111733505,-0.0023432006
8735545094740,-0.0007271619,0.0076164347,0.0272263233,0.7440234167,-0.6680181989,-0.0133494265,0.0016229675
8735578382040,-0.0020727729,0.0082324408,0.0272060558,0.7434758412,-0.6684884310,-0.0182035823,0.0059599256
8735611672240,-0.0036103728,0.0088641439,0.0272475164,0.7435818944,-0.6682838232,-0.0205643346,0.0077334391
8735644962740,-0.0053753308,0.0095966682,0.0272070356,0.7438139796,-0.6679648649,-0.0221643891,0.0085113364
8735678254340,-0.0073870812,0.0102957757,0.0271743648,0.7438199007,-0.6678038314,-0.0254394433,0.0110829995
8735711541140,-0.0073513496,0.0108229518,0.0265436973,0.7423539857,-0.6692937702,-0.0276640732,0.0138241874
8735744829340,-0.0078467578,0.0108327763,0.0265598763,0.7420570009,-0.6695928352,-0.0280796615,0.0144352014
8735778125040,-0.0080575598,0.0107133817,0.0266095996,0.7421557537,-0.6694886354,-0.0278695398,0.0145977067
8735811409640,-0.0080544688,0.0106202513,0.0265523177,0.7419030267,-0.6697889802,-0.0275837913,0.0142040673
8735844697340,-0.0081111901,0.0105191860,0.0264959764,0.7415939904,-0.6701575877,-0.0271575441,0.0137705807
8735877994040,-0.0081484551,0.0104629090,0.0264837518,0.7415624537,-0.6702062198,-0.0269225880,0.0135618759
8735911289740,-0.0081218202,0.0104318662,0.0264239851,0.7412555309,-0.6705606066,-0.0265794400,0.0134997826
8735944565540,-0.0065947985,0.0109437453,0.0263383072,0.7408789647,-0.6709866807,-0.0265421576,0.0130670502
8735977862140,-0.0065868744,0.0108917421,0.0263367966,0.7408148575,-0.6710610977,-0.0263888086,0.0131901779
8736011144840,-0.0066034989,0.0107924500,0.0263856165,0.7410202110,-0.6708309783,-0.0264721550,0.0131935748
8736044433540,-0.0066228244,0.0106796045,0.0264005642,0.7409935108,-0.6708608426,-0.0264425316,0.0132340231
8736077723640,-0.0066449484,0.0105794845,0.0263797548,0.7408740858,-0.6709918742,-0.0264693881,0.0132236625
8736111031140,-0.0066630500,0.0104558691,0.0264025256,0.7409735612,-0.6708827934,-0.0264191840,0.0132847963
8736144302340,-0.0066615129,0.0103691854,0.0263988301,0.7409078426,-0.6709543419,-0.0264808310,0.0132138356
8736177591440,-0.0066246907,0.0103103705,0.0263217147,0.7409647427,-0.6708954323,-0.0264049852,0.0131660825
8736210880640,-0.0066355946,0.0102204699,0.0263439231,0.7409841350,-0.6708723841,-0.0264835746,0.0130910751
8736244171140,-0.0066188234,0.0101700742,0.0263399947,0.7409450577,-0.6709168703,-0.0264254591,0.0131403835
8736277458940,-0.0066531892,0.0101020737,0.0263034180,0.7410012793,-0.6708549002,-0.0264640179,0.0130561371
8736310748040,-0.0066649769,0.0100409985,0.0262422841,0.7409758780,-0.6708841572,-0.0264052847,0.0131132261
8736344038740,-0.0067009297,0.0099660857,0.0262175743,0.7409913072,-0.6708658510,-0.0264687577,0.0130498084
8736377383740,-0.0067286883,0.0099283317,0.0261730868,0.7409673179,-0.6708934168,-0.0264094913,0.0131147184
8736410618040,-0.0067910943,0.0098747062,0.0261428095,0.7410034922,-0.6708508539,-0.0264818121,0.0131022917
8736443907140,-0.0068309605,0.0098184235,0.0261092279,0.7410009632,-0.6708538109,-0.0264482929,0.0131614917
8736477197940,-0.0068980991,0.0097812889,0.0260767546,0.7409947403,-0.6708602805,-0.0264770049,0.0131242953
8736510492340,-0.0069117602,0.0097048497,0.0260391757,0.7410375798,-0.6708139530,-0.0264270501,0.0131740966
8736543775340,-0.0069021196,0.0096461512,0.0260053482,0.7410309835,-0.6708206465,-0.0264469699,0.0131643273
8736577063540,-0.0068620862,0.0096360985,0.0259540174,0.7410200562,-0.6708330266,-0.0264184614,0.0132057438
8736610361540,-0.0068774344,0.0095979068,0.0259349309,0.7410279357,-0.6708241561,-0.0264348494,0.0131813825
8736643642240,-0.0068894955,0.0095738182,0.0259309914,0.7409232046,-0.6709406183,-0.0264500148,0.0131106224
8736676931640,-0.0068984013,0.0095530618,0.0259173624,0.7409303879,-0.6709322419,-0.0264672435,0.0130985530
8736710228940,-0.0068974961,0.0095406873,0.0258738082,0.7409166255,-0.6709470352,-0.0264708850,0.0131119137
8736743511140,-0.0068453434,0.0094738640,0.0258588661,0.7409384751,-0.6709232244,-0.0264459193,0.0131459672
8736776799440,-0.0068469630,0.0094072949,0.0258545596,0.7409401529,-0.6709225172,-0.0264235474,0.0131324753
8736810090140,-0.0068486081,0.0093691209,0.0258470904,0.7409298084,-0.6709346467,-0.0264058902,0.0131319373
8736843379740,-0.0068246657,0.0093526058,0.0258253310,0.7409466585,-0.6709160933,-0.0264067371,0.0131274220
8736876683340,-0.0058905547,0.0104570705,0.0246061683,0.7409856236,-0.6708700581,-0.0265026518,0.0130874085
8736909958540,-0.0059298151,0.0103842830,0.0246144962,0.7409804409,-0.6708759616,-0.0264967864,0.0130901000
8736943246840,-0.0059774797,0.0102920849,0.0246206447,0.7409641278,-0.6708939847,-0.0264968110,0.0130897557
8736976537840,-0.0060184584,0.0101960618,0.0246296972,0.7409786740,-0.6708781322,-0.0264872185,0.0130982326
8737009825240,-0.0060548950,0.0101044476,0.0246523786,0.7409777203,-0.6708795571,-0.0264728410,0.0131082668
8737043114840,-0.0061142868,0.0099926982,0.0246796962,0.7409846167,-0.6708739382,-0.0264481305,0.0130557716
8737076405340,-0.0061732531,0.0098858997,0.0246905647,0.7409823849,-0.6708764773,-0.0264433463,0.0130616626
8737109694540,-0.0062344787,0.0097537804,0.0246878844,0.7410010928,-0.6708529859,-0.0264753984,0.0131417274
8737142984740,-0.0062920167,0.0096361870,0.0246696603,0.7409924237,-0.6708604068,-0.0265149846,0.0131718702
8737176273340,-0.0062907692,0.0095567629,0.0246451367,0.7409934356,-0.6708605248,-0.0264904423,0.0131583064
8737209563640,-0.0062386123,0.0094643794,0.0246028788,0.7410523691,-0.6707964954,-0.0264588215,0.0131673418
